{"cameraMode":{"drawMode":0,"name":"Shaded","section":"Shading Mode"},"sceneLighting":false,"audioPlay":false,"sceneViewState":{"showFog":true,"showMaterialUpdate":false,"showSkybox":false,"showFlares":true,"showImageEffects":true,"showParticleSystems":true},"in2DMode":false,"pivot":{"x":536.3777465820313,"y":492.9834899902344,"z":47.89036560058594},"rotation":{"x":0.14826297760009767,"y":0.004445923957973719,"z":-0.0006627417169511318,"w":0.9889569282531738},"size":261.05694580078127,"orthographic":false}