{"cameraMode":{"drawMode":0,"name":"Shaded","section":"Shading Mode"},"sceneLighting":true,"audioPlay":false,"sceneViewState":{"showFog":true,"showMaterialUpdate":false,"showSkybox":true,"showFlares":true,"showImageEffects":true,"showParticleSystems":true},"in2DMode":false,"pivot":{"x":2.637094020843506,"y":-13.491759300231934,"z":12.128128051757813},"rotation":{"x":0.37619057297706606,"y":-0.21323052048683167,"z":0.08939450979232788,"w":0.8972687125205994},"size":80.18095397949219,"orthographic":false}