{"cameraMode":{"drawMode":0,"name":"Shaded","section":"Shading Mode"},"sceneLighting":false,"audioPlay":false,"sceneViewState":{"showFog":true,"showMaterialUpdate":false,"showSkybox":false,"showFlares":true,"showImageEffects":true,"showParticleSystems":true},"in2DMode":false,"pivot":{"x":0.0037136077880859377,"y":1.0635766983032227,"z":-1.0653886795043946},"rotation":{"x":0.5498011112213135,"y":-0.2755499482154846,"z":0.19852109253406526,"w":0.763152003288269},"size":22.0,"orthographic":false}