{"cameraMode":{"drawMode":0,"name":"Shaded","section":"Shading Mode"},"sceneLighting":false,"audioPlay":false,"sceneViewState":{"showFog":true,"showMaterialUpdate":false,"showSkybox":false,"showFlares":true,"showImageEffects":true,"showParticleSystems":true},"in2DMode":false,"pivot":{"x":762.7738037109375,"y":158.16812133789063,"z":4.401975631713867},"rotation":{"x":0.0207718163728714,"y":0.058451782912015918,"z":-0.001250868197530508,"w":0.9981163144111633},"size":288.62261962890627,"orthographic":false}