{"cameraMode":{"drawMode":0,"name":"Shaded","section":"Shading Mode"},"sceneLighting":false,"audioPlay":false,"sceneViewState":{"showFog":true,"showMaterialUpdate":false,"showSkybox":false,"showFlares":true,"showImageEffects":true,"showParticleSystems":true},"in2DMode":false,"pivot":{"x":499.6009521484375,"y":103.32272338867188,"z":34.79143142700195},"rotation":{"x":0.045256663113832477,"y":-0.04095097631216049,"z":0.0018859346164390445,"w":0.9981567859649658},"size":506.01611328125,"orthographic":false}